customer_id,full_name,Gender,email,phone,city,created_at
1,Abdullah,Male,abdullah1@gmail.com,0167460949,Chattogram,10/12/2025
2,Ayon,Male,ayon2@gmail.com,0152759767,Dhaka,9/26/2025
3,Taushif,Male,taushif3@yahoo.com,0150001052,Khulna,9/24/2025
4,Saiful,Male,saiful4@gmail.com,0198053269,Rangpur,9/16/2025
5,Samia,Female,samia5@yahoo.com,0135920720,Chattogram,9/28/2025
6,Shithi,Female,shithi6@gmail.com,0145609346,Chattogram,9/26/2025
7,Rumana,Female,rumana7@gmail.com,0173762918,Chattogram,
8,Lamisa,Female,lamisa8@outlook.com,0156168574,Sylhet,9/18/2025
9,Anika,Female,anika9@gmail.com,0137023818,Cumilla,9/22/2025
10,Irtaza,Male,irtaza10@outlook.com,0165645739,Gazipur,9/17/2025
11,Moumita,Female,moumita11@gmail.com,0151102827,Sylhet,9/29/2025
12,Lamya,Female,lamya12@gmail.com,0172884413,Rangpur,9/21/2025
13,Samia,Female,samia13@gmail.com,0168959948,Rangpur,9/21/2025
14,Kamal,Male,kamal14@yahoo.com,01104744617,Chattogram,9/16/2025
15,Hasib,Male,hasib15@gmail.com,0196974177,Gazipur,9/28/2025
16,Heba,Female,heba16@gmail.com,0145089260,Dhaka,9/19/2025
17,Zannat,Female,zannat17@gmail.com,0197540949,Dhaka,
18,Rima,Female,rima18@gmail.com,0137939524,Barishal,9/20/2025
19,Arif,Male,arif19@outlook.com,0166290474,Rangpur,9/23/2025
20,Rafi,Male,rafi20@gmail.com,0143168415,Barishal,9/17/2025
21,Mahjabin,Female,mahjabin21@yahoo.com,0153047634,Sylhet,9/14/2025
22,Ehsan,Male,ehsan22@gmail.com,0136434902,Narayanganj,10/4/2025
23,Tanvir,Male,tanvir23@gmail.com,0192211426,Dhaka,9/15/2025
24,Sabbir,Male,sabbir24@gmail.com,0153857722,Rajshahi,9/15/2025
25,Sadika,Female,sadika25@gmail.com,01105394917,Narayanganj,9/25/2025
26,Riya,Female,riya26@gmail.com,0197376098,Khulna,9/14/2025
27,Irtaza,Male,irtaza27@outlook.com,0164631504,Narayanganj,9/15/2025
28,Shuvo,Male,shuvo28@gmail.com,0152307345,Cumilla,9/20/2025
29,Towhid,Male,towhid29@yahoo.com,0189340781,Barishal,
30,Ehsan,Male,ehsan30@gmail.com,0198130671,Chattogram,9/16/2025
31,Tasnim,Female,tasnim31@gmail.com,0199486138,Gazipur,9/15/2025
32,Jahid,Male,jahid32@gmail.com,0187023752,Cumilla,9/14/2025
33,Taushif,Male,taushif33@gmail.com,0156736559,Rajshahi,9/17/2025
34,Abdullah,Male,abdullah34@gmail.com,0149671912,Khulna,9/23/2025
35,Maliha,Female,maliha35@gmail.com,0144212135,Chattogram,9/20/2025
36,Rakib,Male,rakib36@yahoo.com,0166842472,Barishal,9/24/2025
37,Sanjida,Female,sanjida37@gmail.com,0193575867,Khulna,9/23/2025
38,Sajeeb,Male,sajeeb38@gmail.com,0130841616,Gazipur,9/16/2025
39,Samia,Female,samia39@gmail.com,0168038898,Cumilla,9/14/2025
40,Siam,Male,siam40@gmail.com,01105680135,Cumilla,9/16/2025
41,Naila,Female,naila41@outlook.com,0198003834,Barishal,9/15/2025
42,Abrar,Male,abrar42@gmail.com,0144159587,Barishal,9/14/2025
43,Towhid,Male,towhid43@gmail.com,0144996728,Chattogram,9/14/2025
44,Kamal,Male,kamal44@yahoo.com,0156858916,Sylhet,9/16/2025
45,Ehsan,Male,ehsan45@gmail.com,0170218888,Rajshahi,9/23/2025
46,Keya,Female,keya46@gmail.com,0154870438,Gazipur,9/26/2025
47,Sumaiya,Female,sumaiya47@gmail.com,0163499352,Rajshahi,9/14/2025
48,Rakib,Male,rakib48@outlook.com,0182297675,Gazipur,10/3/2025
49,Sanjida,Female,sanjida49@gmail.com,0132405670,Cumilla,9/20/2025
50,Jamal,Male,jamal50@gmail.com,0191667842,Barishal,9/18/2025
51,Jamal,Male,jamal51@gmail.com,0144822773,Rajshahi,9/24/2025
52,Afrin,Female,afrin52@gmail.com,0164508835,Sylhet,9/17/2025
53,Maliha,Female,maliha53@gmail.com,01100815459,Barishal,9/24/2025
54,Jahid,Male,jahid54@gmail.com,0151421995,Rajshahi,
55,Raihan,Male,raihan55@gmail.com,0132336986,Chattogram,9/17/2025
56,Moumita,Female,moumita56@outlook.com,0146671778,Sylhet,9/20/2025
57,Fahim,Male,fahim57@gmail.com,0147968069,Barishal,9/17/2025
58,Rakib,Male,rakib58@gmail.com,0133452464,Rangpur,9/19/2025
59,Taushif,Male,taushif59@gmail.com,0152528816,Rangpur,9/15/2025
60,Raihan,Male,raihan60@yahoo.com,0176024089,Khulna,9/14/2025
61,Oli,Male,oli61@gmail.com,0170126974,Rajshahi,10/13/2025
62,Rumana,Female,rumana62@gmail.com,01108514396,Narayanganj,
63,Rafi,Male,rafi63@gmail.com,0179083258,Cumilla,9/14/2025
64,Mehedi,Male,mehedi64@gmail.com,0198342083,Chattogram,9/17/2025
65,Afrin,Female,afrin65@gmail.com,0154398011,Rangpur,9/14/2025
66,Rodela,Female,rodela66@outlook.com,0179952665,Gazipur,9/17/2025
67,Sumaiya,Female,sumaiya67@gmail.com,0196012455,Rangpur,9/19/2025
68,Mahjabin,Female,mahjabin68@gmail.com,0135850305,Chattogram,9/16/2025
69,Sadika,Female,sadika69@gmail.com,0152519365,Khulna,9/23/2025
70,Raisa,Female,raisa70@gmail.com,0150749811,Sylhet,9/14/2025
71,Akash,Male,akash71@gmail.com,0197184469,Narayanganj,9/16/2025
72,Abdullah,Male,abdullah72@yahoo.com,0157941798,Barishal,
73,Masud,Male,masud73@gmail.com,0164995693,Gazipur,9/17/2025
74,Rafi,Male,rafi74@gmail.com,0187602068,Dhaka,9/23/2025
75,Abrar,Male,abrar75@gmail.com,0177215470,Sylhet,9/14/2025
76,Rima,Female,rima76@gmail.com,0169594684,Khulna,9/27/2025
77,Shahriar,Male,shahriar77@outlook.com,0187835422,Khulna,9/17/2025
78,Mariya,Female,mariya78@gmail.com,0190893466,Chattogram,9/18/2025
79,Yasin,Male,yasin79@gmail.com,01109388022,Barishal,9/25/2025
80,Ayon,Male,ayon80@gmail.com,0133568526,Gazipur,9/17/2025
81,Kamal,Male,kamal81@outlook.com,0134903228,Cumilla,9/26/2025
82,Priya,Female,priya82@gmail.com,0173975468,Sylhet,9/26/2025
83,Raisa,Female,raisa83@gmail.com,0157346586,Cumilla,9/18/2025
84,Farzana,Female,farzana84@gmail.com,0130322819,Chattogram,10/16/2025
85,Siam,Male,siam85@gmail.com,01107056697,Sylhet,9/28/2025
86,Lamisa,Female,lamisa86@gmail.com,0130602376,Rangpur,9/23/2025
87,Sakib,Male,sakib87@yahoo.com,0147488284,Rajshahi,9/23/2025
88,Akash,Male,akash88@gmail.com,0172745275,Cumilla,9/17/2025
89,Sohag,Male,sohag89@gmail.com,0167936675,Khulna,9/28/2025
90,Heba,Female,heba90@gmail.com,0130970617,Dhaka,9/21/2025
91,Fahim,Male,fahim91@yahoo.com,0147934750,Rajshahi,9/15/2025
92,Jahid,Male,jahid92@gmail.com,0154548597,Dhaka,
93,Anika,Female,anika93@gmail.com,0154924937,Narayanganj,9/16/2025
94,Mim,Female,mim94@gmail.com,0149736261,Rajshahi,9/16/2025
95,Rafi,Male,rafi95@yahoo.com,0195783882,Dhaka,9/16/2025
96,Ehsan,Male,ehsan96@gmail.com,0138857238,Barishal,9/14/2025
97,Mariya,Female,mariya97@gmail.com,0134703473,Barishal,
98,Mehedi,Male,mehedi98@outlook.com,0146144717,Barishal,9/16/2025
99,Mahmud,Male,mahmud99@gmail.com,0192971133,Rangpur,10/5/2025
100,Riana,Female,riana100@yahoo.com,0137695701,Sylhet,9/16/2025
